,Role,Datetime_Posted
0,Spa Attendant,35 minutes ago
1,Cleaner,55 minutes ago
2,Night Cleaners Needed - Standard DBS Required,1 day ago
3,Housekeeping Assistant,1 day ago
4,End of tenancy cleaner(self-employee),1 hour ago
5,Domestic Cleaner,1 hour ago
6,Area Cleaning / Mobilisation Manager,1 day ago
7,Refrigeration Case Cleaning Technician - NO EXPERIENCE NEEDED,2 days ago
8,Housekeeping Supervisor,2 hours ago
9,Driver Cleaner/Caretaker - MUST HAVE CRB/DBS CHECK,12 days ago
10,Domestic Cleaner,2 days ago
11,Public Area Attendant,2 hours ago
12,Domestic Cleaner,3 days ago
13,Domestic Cleaner,8 days ago
14,Domestic Cleaner,8 days ago
15,Housekeeper,2 hours ago
16,Linen Porter,2 hours ago
17,Room Attendant,2 hours ago
18,Domestic Cleaner,8 days ago
19,Domestic Cleaner,8 days ago
20,Domestic Cleaner,8 days ago
21,Weekend Housekeeper / £11 per hour / Immediate Start / Central London,2 hours ago
22,Cleaner,3 hours ago
23,Housekeeping Supervisor,3 hours ago
24,Domestic Cleaner,3 hours ago
25,Housekeeping Assistant,3 hours ago
26,Domestic Cleaner,8 days ago
27,Domestic Cleaner,8 days ago
28,Office Cleaner,3 hours ago
29,Cleaner,3 hours ago
30,Domestic Cleaner,8 days ago
31,Domestic Cleaner,8 days ago
32,"STREET/ROAD SWEEPERS, START ASAP, £10+ ph",4 hours ago
33,Domestic Cleaner,8 days ago
34,Domestic Cleaner,8 days ago
35,Domestic Cleaner,5 hours ago
36,Domestic Cleaner,8 days ago
37,Domestic Cleaner,8 days ago
38,Domestic Cleaner,8 days ago
39,Industrial Cleaner,5 hours ago
40,Room Attendant,16 hours ago
41,Night Cleaners wanted,16 hours ago
42,Domestic Cleaner,8 days ago
43,Domestic Cleaner,8 days ago
44,Domestic Cleaner,8 days ago
45,Public Area Attendant,19 hours ago
46,Cleaner,20 hours ago
47,Cleaner,21 hours ago
48,cleaner operative,22 hours ago
49,Domestic Cleaner,23 hours ago
50,Domestic Cleaner,8 days ago
51,Domestic Cleaner,8 days ago
52,Housekeeper,23 hours ago
53,Linen Porter,23 hours ago
54,Domestic Cleaner,8 days ago
55,Domestic Cleaner,8 days ago
56,Housekeeper,23 hours ago
57,Domestic Cleaner,8 days ago
58,Domestic Cleaner,8 days ago
59,Housekeeping Attendant,24 hours ago
60,Domestic Cleaner,8 days ago
61,Domestic Cleaner,8 days ago
62,Domestic Cleaner,8 days ago
63,Room Attendant,1 day ago
64,Cleaner,1 day ago
65,Cleaner,1 day ago
66,Domestic Cleaner,8 days ago
67,Domestic Cleaner,8 days ago
68,Domestic Cleaner,8 days ago
69,Domestic Cleaner,1 day ago
70,Cleaner,1 day ago
71,Cleaner,1 day ago
72,Housekeeper,1 day ago
73,Housekeeper,2 days ago
74,Domestic Cleaner,8 days ago
75,Domestic Cleaner,8 days ago
76,Domestic Cleaner,2 days ago
77,Cleaning staff,2 days ago
78,Domestic Cleaner,8 days ago
79,Domestic Cleaner,8 days ago
80,Domestic Cleaner,2 days ago
81,Domestic Cleaner,8 days ago
82,Domestic Cleaner,8 days ago
83,Cleaner,3 days ago
84,Domestic Cleaner,8 days ago
85,Domestic Cleaner,8 days ago
86,Domestic Cleaner,8 days ago
87,Room Attendant,3 days ago
88,House Cleaner,3 days ago
89,Cleaner,3 days ago
90,Domestic Cleaner,8 days ago
91,Domestic Cleaner,8 days ago
92,Domestic Cleaner,8 days ago
93,Domestic Cleaner,3 days ago
94,Housekeeping Team Member - Part Time,3 days ago
95,Room Attendant,3 days ago
96,Linen Porter,3 days ago
97,Room Attendant,2 days ago
98,Domestic Cleaner,8 days ago
99,Domestic Cleaner,8 days ago
100,Room Attendant,1 day ago
101,Evening Room Attendant,3 days ago
102,Domestic Cleaner,8 days ago
103,Domestic Cleaner,8 days ago
104,Night cleaner,4 days ago
105,Domestic Cleaner,8 days ago
106,Domestic Cleaner,8 days ago
107,Cleaner,4 days ago
108,Domestic Cleaner,8 days ago
109,Domestic Cleaner,8 days ago
110,Domestic Cleaner,8 days ago
111,Room Attendant,4 days ago
112,Housekeeping Supervisor,4 days ago
113,Housekeeper,4 days ago
114,Domestic Cleaner,8 days ago
115,Domestic Cleaner,8 days ago
116,Domestic Cleaner,8 days ago
117,Domestic Cleaner,4 days ago
118,Hotel Room Cleaner,4 days ago
119,Cleaner,4 days ago
120,Cleaner,4 days ago
121,Domestic Cleaner,4 days ago
122,Domestic Cleaner,8 days ago
123,Domestic Cleaner,8 days ago
124,Cleaner,4 days ago
125,Domestic Cleaner,5 days ago
126,Domestic Cleaner,8 days ago
127,Domestic Cleaner,8 days ago
128,Cleaner,5 days ago
129,Domestic Cleaner,8 days ago
130,Domestic Cleaner,8 days ago
131,Assistant maid,5 days ago
132,Domestic Cleaner,8 days ago
133,Domestic Cleaner,8 days ago
134,Domestic Cleaner,8 days ago
135,Domestic Cleaner,5 days ago
136,Property Cleaner,5 days ago
137,Room Attendant,5 days ago
138,Domestic Cleaner,8 days ago
139,Domestic Cleaner,8 days ago
140,Domestic Cleaner,8 days ago
141,Car Cleaner/Valeter,5 days ago
142,Linen Porter,5 days ago
143,Housekeeper,5 days ago
144,Domestic Cleaner,5 days ago
145,Airbnb cleaner,6 days ago
146,Domestic Cleaner,8 days ago
147,Domestic Cleaner,8 days ago
148,Night Cleaners wanted,6 days ago
149,Room Attendant,6 days ago
150,Domestic Cleaner,8 days ago
151,Domestic Cleaner,8 days ago
152,Cleaner,6 days ago
153,Domestic Cleaner,8 days ago
154,Domestic Cleaner,8 days ago
155,Room Attendant,6 days ago
156,Domestic Cleaner,8 days ago
157,Domestic Cleaner,8 days ago
158,Domestic Cleaner,8 days ago
159,Cleaner,6 days ago
160,Housekeeping Room Attendant,6 days ago
161,Housekeeping Assistant,6 days ago
162,Domestic Cleaner,8 days ago
163,Domestic Cleaner,8 days ago
164,Domestic Cleaner,8 days ago
165,Room Attendant,2 days ago
166,Cleaning Operative,6 days ago
167,Hotel Cleaner,7 days ago
168,Housekeeping Recruitment Day 11th August 2021 10am-2pm,7 days ago
169,Cleaner,7 days ago
170,Domestic Cleaner,8 days ago
171,Domestic Cleaner,8 days ago
172,Domestic Cleaner,7 days ago
173,Cleaner,7 days ago
174,Domestic Cleaner,8 days ago
175,Domestic Cleaner,8 days ago
176,Cleaner,7 days ago
177,Domestic Cleaner,8 days ago
178,Domestic Cleaner,8 days ago
179,Car Valeter,7 days ago
180,Domestic Cleaner,8 days ago
181,Domestic Cleaner,8 days ago
182,Domestic Cleaner,8 days ago
183,Room Attendant,7 days ago
184,Room attendant,7 days ago
185,Temp Cleaning Operative,7 days ago
186,Domestic Cleaner,8 days ago
187,Domestic Cleaner,8 days ago
188,Domestic Cleaner,8 days ago
189,Domestic Cleaner,7 days ago
190,Experienced cleaners needed for tomorrow.,8 days ago
191,Housekeeper,2 days ago
192,Housekeeper,3 days ago
193,Steamer,8 days ago
194,Domestic Cleaner,8 days ago
195,Domestic Cleaner,8 days ago
196,Room Attendant,8 days ago
197,Cookery school assistant. New openings,9 days ago
198,Domestic Cleaner,8 days ago
199,Domestic Cleaner,8 days ago
200,Housekeeper,9 days ago
201,Domestic Cleaner,8 days ago
202,Domestic Cleaner,8 days ago
203,Cleaner,9 days ago
204,Domestic Cleaner,8 days ago
205,Domestic Cleaner,8 days ago
206,Domestic Cleaner,8 days ago
207,Domestic Cleaner,10 days ago
208,Cleaner,10 days ago
209,Night cleaner,10 days ago
210,Domestic Cleaner,8 days ago
211,Domestic Cleaner,8 days ago
212,Domestic Cleaner,8 days ago
213,Housekeeper,10 days ago
214,Housekeeper,2 days ago
215,Room Attendant,10 days ago
216,Housekeeper,3 days ago
217,Housekeeping Attendant (Casual),11 days ago
218,Domestic Cleaner,8 days ago
219,Domestic Cleaner,8 days ago
220,Room Attendant,11 days ago
221,Domestic Cleaner,11 days ago
222,Domestic Cleaner,8 days ago
223,Domestic Cleaner,8 days ago
224,Room Attendant,11 days ago
225,Domestic Cleaner,8 days ago
226,Domestic Cleaner,8 days ago
227,Domestic Cleaner,12 days ago
228,Domestic Cleaner,8 days ago
229,Domestic Cleaner,8 days ago
230,Domestic Cleaner,8 days ago
231,Toilet Attendant,12 days ago
232,Private House Cleaner,12 days ago
233,Domestic Cleaner,12 days ago
234,Domestic Cleaner,8 days ago
235,Domestic Cleaner,8 days ago
236,Domestic Cleaner,8 days ago
237,Cleaner/Driver,12 days ago
238,Cleaner,12 days ago
239,Cleaner,12 days ago
240,Housekeeper,12 days ago
241,Cleaner,12 days ago
242,Domestic Cleaner,8 days ago
243,Domestic Cleaner,8 days ago
244,Cleaning Operative,13 days ago
245,Night cleaner,13 days ago
246,Domestic Cleaner,8 days ago
247,Domestic Cleaner,8 days ago
248,Housekeeping Supervisor,13 days ago
249,Domestic Cleaner,8 days ago
250,Domestic Cleaner,8 days ago
251,Room Attendant,13 days ago
252,Domestic Cleaner,8 days ago
253,Domestic Cleaner,8 days ago
254,Domestic Cleaner,8 days ago
255,"STREET/ROAD SWEEPERS, START ASAP, £10+ ph",13 days ago
256,Housekeeper,13 days ago
257,Room Attendant,13 days ago
258,Domestic Cleaner,8 days ago
259,Domestic Cleaner,8 days ago
260,Domestic Cleaner,8 days ago
261,Domestic Cleaner,13 days ago
262,Domestic Cleaner,13 days ago
263,Cleaner,13 days ago
264,Cleaner / Housekeeper,13 days ago
265,Domestic Cleaner in High Barnet - Ideally job for mums,14 days ago
266,Domestic Cleaner,8 days ago
267,Domestic Cleaner,8 days ago
268,Housekeeper,14 days ago
269,Cleaner and setting out tables and chairs,14 days ago
270,Domestic Cleaner,8 days ago
271,Domestic Cleaner,8 days ago
272,Cleaner,14 days ago
273,Domestic Cleaner,8 days ago
274,Domestic Cleaner,8 days ago
275,Housekeeper / £11 per hour / Immediate Start / Central London,14 days ago
276,Domestic Cleaner,8 days ago
277,Domestic Cleaner,8 days ago
278,Domestic Cleaner,8 days ago
279,Room Attendant,14 days ago
280,Domestic Cleaner,14 days ago
281,Domestic and Commercial Cleaner,15 days ago
282,Domestic Cleaner,8 days ago
283,Domestic Cleaner,8 days ago
284,Domestic Cleaner,8 days ago
285,Domestic Cleaner,15 days ago
286,Domestic Cleaner - Ideally job for mums,15 days ago
287,Domestic Cleaner - Ideally job for mums,15 days ago
288,Domestic Cleaner - Ideally job for mums,15 days ago
289,Housekeeper,15 days ago
290,Domestic Cleaner,8 days ago
291,Domestic Cleaner,8 days ago
292,Looking for a hotel Room Maids/Bedroom cleaners for Greenwhich area,16 days ago
293,Night cleaners,16 days ago
294,Domestic Cleaner,8 days ago
295,Domestic Cleaner,8 days ago
296,Domestic Cleaners( Text your number or email please),16 days ago
297,Domestic Cleaner,8 days ago
298,Domestic Cleaner,8 days ago
299,Housekeeper,17 days ago
300,Domestic Cleaner,8 days ago
301,Domestic Cleaner,8 days ago
302,Domestic Cleaner,8 days ago
303,Domestic Cleaner: Immediate Start!,17 days ago
304,Domestic Cleaner,17 days ago
305,Domestic cleaner,17 days ago
306,Domestic Cleaner,8 days ago
307,Domestic Cleaner,8 days ago
308,Domestic Cleaner,8 days ago
309,Cleaner,17 days ago
310,Cleaning Operative,17 days ago
311,Cleaner,18 days ago
312,Cleaning Supervisor/Driver,18 days ago
313,Warehouse Cleaner,18 days ago
314,Domestic Cleaner,8 days ago
315,Domestic Cleaner,8 days ago
316,Domestic Cleaner,18 days ago
317,Domestic Cleaner,18 days ago
318,Domestic Cleaner,8 days ago
319,Domestic Cleaner,8 days ago
320,Cleaner,19 days ago
321,Domestic Cleaner,8 days ago
322,Domestic Cleaner,8 days ago
323,Housekeeper,18 days ago
324,Domestic Cleaner,8 days ago
325,Domestic Cleaner,8 days ago
326,Domestic Cleaner,8 days ago
327,Housekeeping Supervisor,18 days ago
328,Night Cleaner,19 days ago
329,Cleaner,19 days ago
330,Domestic Cleaner,8 days ago
331,Domestic Cleaner,8 days ago
332,Domestic Cleaner,8 days ago
333,Night cleaner,19 days ago
334,Domestic Cleaner,19 days ago
335,Domestic Cleaner,19 days ago
336,Room Attendant,19 days ago
337,Permanent office clean,19 days ago
338,Domestic Cleaner,8 days ago
339,Domestic Cleaner,8 days ago
340,Property Cleaner,19 days ago
341,Office Cleaner,19 days ago
342,Domestic Cleaner,8 days ago
343,Domestic Cleaner,8 days ago
344,CLEANER Night Shift,19 days ago
345,Domestic Cleaner,8 days ago
346,Domestic Cleaner,8 days ago
347,Domestic Cleaner,20 days ago
348,Domestic Cleaner,8 days ago
349,Domestic Cleaner,8 days ago
350,Domestic Cleaner,8 days ago
351,Cleaner,20 days ago
352,Housekeeper/waiter/chief de partie/chief de rang,20 days ago
353,Cleaner,20 days ago
354,Domestic Cleaner,8 days ago
355,Domestic Cleaner,8 days ago
356,Domestic Cleaner,8 days ago
357,Private House Cleaner,20 days ago
358,Domestic Cleaner,20 days ago
359,Cleaner,20 days ago
360,Cleaner,21 days ago
361,Domestic Cleaner,21 days ago
362,Domestic Cleaner,8 days ago
363,Domestic Cleaner,8 days ago
364,Room Attendant,21 days ago
365,End of Tenancy Deep Cleaner,21 days ago
366,Domestic Cleaner,8 days ago
367,Domestic Cleaner,8 days ago
368,cleaner operative,21 days ago
369,Domestic Cleaner,8 days ago
370,Domestic Cleaner,8 days ago
371,Cleaning ( Woman),22 days ago
372,Domestic Cleaner,8 days ago
373,Domestic Cleaner,8 days ago
374,Domestic Cleaner,8 days ago
375,Cleaner,22 days ago
376,Cleaner / Housekeeper,22 days ago
377,Cleaning Operative,22 days ago
378,Domestic Cleaner,8 days ago
379,Domestic Cleaner,8 days ago
380,Domestic Cleaner,8 days ago
381,Car Detailer,22 days ago
382,Housekeeper,22 days ago
383,Housekeeping Assistant,22 days ago
384,Night shift cleaners,23 days ago
385,Professional cleaner,23 days ago
386,Domestic Cleaner,8 days ago
387,Domestic Cleaner,8 days ago
388,Cleaner with Driving Licence,24 days ago
389,Cleaner,24 days ago
390,Domestic Cleaner,8 days ago
391,Domestic Cleaner,8 days ago
392,House Cleaner,24 days ago
393,Domestic Cleaner,8 days ago
394,Domestic Cleaner,8 days ago
395,Full time and Part time Domestic cleaning job,24 days ago
396,Domestic Cleaner,8 days ago
397,Domestic Cleaner,8 days ago
398,Domestic Cleaner,8 days ago
399,Cleaner,24 days ago
400,Cleaner,24 days ago
401,Room Attendant,24 days ago
402,Domestic Cleaner,8 days ago
403,Domestic Cleaner,8 days ago
404,Domestic Cleaner,8 days ago
405,Domestic Cleaner,25 days ago
406,Domestic Cleaner: Immediate Start!,25 days ago
407,Domestic Cleaner: Immediate Start!,25 days ago
408,Housekeeper,26 days ago
409,Hotel Cleaner,26 days ago
410,Domestic Cleaner,8 days ago
411,Domestic Cleaner,8 days ago
412,Domestic Cleaner,26 days ago
413,Room Attendant,26 days ago
414,Domestic Cleaner,8 days ago
415,Domestic Cleaner,8 days ago
416,Cleaner with Driving Licence,26 days ago
417,Domestic Cleaner,8 days ago
418,Domestic Cleaner,8 days ago
419,Cleaning Operative,26 days ago
420,Domestic Cleaner,8 days ago
421,Domestic Cleaner,8 days ago
422,Domestic Cleaner,8 days ago
423,Domestic Cleaner,26 days ago
424,Cleaner,26 days ago
425,Room Attendant,26 days ago
426,Domestic Cleaner,8 days ago
427,Domestic Cleaner,8 days ago
428,Domestic Cleaner,8 days ago
429,Cleaner,26 days ago
430,Cleaner with Driving Licence,26 days ago
431,Cleaner,27 days ago
432,Cleaner,27 days ago
433,Housekeeper,27 days ago
434,Domestic Cleaner,8 days ago
435,Domestic Cleaner,8 days ago
436,Cleaner,25 days ago
437,Cleaning Operative,27 days ago
438,Domestic Cleaner,8 days ago
439,Domestic Cleaner,8 days ago
440,Hotel Cleaner,27 days ago
441,Domestic Cleaner,8 days ago
442,Domestic Cleaner,8 days ago
443,Hotel Housekeeper,23 days ago
444,Domestic Cleaner,8 days ago
445,Domestic Cleaner,8 days ago
446,Domestic Cleaner,8 days ago
447,Domestic Cleaner,27 days ago
448,Cleaner,27 days ago
449,Car Valeter,28 days ago
450,Domestic Cleaner,8 days ago
451,Domestic Cleaner,8 days ago
452,Domestic Cleaner,8 days ago
453,Domestic Cleaner,28 days ago
454,Domestic Cleaner,28 days ago
455,Room attendent,16 days ago
456,Domestic Cleaner,28 days ago
457,Domestic Cleaner,28 days ago
458,Domestic Cleaner,8 days ago
459,Domestic Cleaner,8 days ago
460,Domestic Cleaner,28 days ago
461,Mobile Cleaner Part time,29 days ago
462,Domestic Cleaner,8 days ago
463,Domestic Cleaner,8 days ago
464,Cleaner,29 days ago
465,Domestic Cleaner,8 days ago
466,Domestic Cleaner,8 days ago
467,Cleaner,30 days ago
468,Domestic Cleaner,8 days ago
469,Domestic Cleaner,8 days ago
470,Domestic Cleaner,8 days ago
471,Crew Member,30 days ago
472,Domestic Cleaner,1 month ago
473,Housekeeper,1 month ago
474,Domestic Cleaner,8 days ago
475,Domestic Cleaner,8 days ago
476,Domestic Cleaner,8 days ago
477,Cleaning Operative,10 days ago
478,Cleaner,1 month ago
479,Housekeeper,1 month ago
480,Full time or Part time cleaning job,1 month ago
481,Domestic Cleaner,1 month ago
482,Domestic Cleaner,8 days ago
483,Domestic Cleaner,8 days ago
484,"STREET/ROAD SWEEPERS, START ASAP, £10+ ph",1 month ago
485,Domestic Cleaner,1 month ago
486,Domestic Cleaner,8 days ago
487,Domestic Cleaner,8 days ago
488,Domestic Cleaner,1 month ago
489,Domestic Cleaner,8 days ago
490,Domestic Cleaner,8 days ago
491,Mobile Cleaner,1 month ago
492,Domestic Cleaner,8 days ago
493,Domestic Cleaner,8 days ago
494,Domestic Cleaner,8 days ago
495,Cleaner with Driving Licence,1 month ago
496,Refuse Loader,1 month ago
497,Cleaner,1 month ago
498,Domestic Cleaner,8 days ago
499,Domestic Cleaner,9 days ago
500,Domestic Cleaner,9 days ago
501,Cleaner,1 month ago
502,Domestic Cleaner,1 month ago
503,Domestic Cleaner,1 month ago
504,Housekeeper,1 month ago
505,Cleaner,1 month ago
506,Domestic Cleaner,9 days ago
507,Domestic Cleaner,9 days ago
508,5* Leisure Cleaner,1 month ago
509,Cleaner,1 month ago
510,Domestic Cleaner,9 days ago
511,Domestic Cleaner,9 days ago
512,Cleaner,1 month ago
513,Domestic Cleaner,9 days ago
514,Domestic Cleaner,9 days ago
515,Cleaner,1 month ago
516,Domestic Cleaner,9 days ago
517,Domestic Cleaner,9 days ago
518,Domestic Cleaner,9 days ago
519,Working cleaner supervisor (Night Shift),1 month ago
520,Domestic Cleaner,1 month ago
521,Housekeeper,1 month ago
522,Domestic Cleaner,9 days ago
523,Domestic Cleaner,9 days ago
524,Domestic Cleaner,9 days ago
525,Cleaning Operative,1 month ago
526,Domestic Cleaner,1 month ago
527,Experience Self-Employed Cleaner,1 month ago
528,Airbnb Cleaner,1 month ago
529,Professional cleaner,1 month ago
530,Domestic Cleaner,9 days ago
531,Domestic Cleaner,9 days ago
532,Window Cleaner,1 month ago
533,Cleaner,10 days ago
534,Domestic Cleaner,9 days ago
535,Domestic Cleaner,9 days ago
536,Full time and Part time cleaning Job,1 month ago
537,Domestic Cleaner,20 days ago
538,Domestic Cleaner,21 days ago
539,Room Attendant,1 month ago
540,Domestic Cleaner,22 days ago
541,Domestic Cleaner,29 days ago
542,Cleaner,1 day ago
543,Cleaner,1 month ago
544,Cleaner,1 month ago
545,Cleaner,1 month ago
546,Room Attendant,1 day ago
547,Assistant Cleaning Manager,1 day ago
548,Room Attendant,1 day ago
549,Cleaner with Driving Licence,1 month ago
550,Cleaner,1 month ago
551,cleaner,1 month ago
552,Cleaner,1 month ago
553,Cleaner,1 month ago
554,Cleaning Supervisor,1 day ago
555,Evening Cleaner,1 day ago
556,Cleaner,1 month ago
557,Linen Porter,19 days ago
558,Morning Cleaner with a DBS,1 day ago
559,Night Cleaning Team Member - Butlin'S,5 days ago
560,Room Attendant,21 days ago
561,Butlin's: Venue Cleaner - Burger King,5 days ago
562,Butlin's: Cleaner Full Time,5 days ago
563,Housekeeper Team Member,1 month ago
564,Butlin's: Cleaner Full Time,5 days ago
565,Night Cleaning Team Member - Butlin'S,5 days ago
566,Office Cleaner,5 days ago
567,Cleaner,1 month ago
568,Cleaner,1 month ago
569,Cleaning Supervisor,1 month ago
570,Weekend Cleaning Operative Enhanced DBS Required,6 days ago
571,Room Attendant - Live-in,5 hours ago
572,Senior Housekeeping Supervisor,5 hours ago
573,Housekeeper,1 month ago
574,Domestic Cleaner,1 month ago
575,Cleaning Operative,1 month ago
576,Cleaner,1 month ago
577,School Cleaner SE15,1 month ago
578,Room Attendant- Immediate Start,5 hours ago
579,Housekeeping Attendant,5 hours ago
580,Toilet Attendant,1 month ago
581,Cleaner,1 month ago
582,Cleaner and Housekeeper,7 hours ago
583,Temporary Cleaner London,22 hours ago
584,Domestic Cleaner,1 month ago
585,Hospital Domestic Cleaner,22 hours ago
586,Cleaner - 3 months £10.55,1 day ago
587,Commercial & Office cleaners,1 month ago
588,Casual Housekeeping Assistant,1 day ago
589,Event Cleaner,1 day ago
590,"School Cleaner, Lewisham",1 day ago
591,Cleaner,1 month ago
592,Cleaner,1 month ago
593,Supermarket Cleaner,1 month ago
594,Housekeeper,1 day ago
595,Deep Cleaning Assistant,1 day ago
596,Labourer/ Cleaning Operative,1 day ago
597,Self employed cleaner,1 month ago
598,Domestic Cleaner,1 month ago
599,Airbnb Housekeeping Cleaner,1 month ago
602,Casual Housekeeping Assistant,1 day ago
603,Cleaner - 3 months £10.55,1 day ago
606,Event Cleaner,1 day ago
607,"School Cleaner, Lewisham",1 day ago
609,Housekeeper,1 day ago
610,Deep Cleaning Assistant,1 day ago
612,Cleaner,1 day ago
613,Valeter / Driver,1 day ago
614,Housekeeper/Cleaner in a Mental Health Hospital,1 day ago
618,Bus Cleaner,1 day ago
619,Pest Control Technician,1 day ago
620,Cleaner - Permanent - E14,1 day ago
626,Night Shift Cleaner,1 day ago
627,Cleaner,1 day ago
630,Valeter / Driver,1 day ago
631,Housekeeper/Cleaner in a Mental Health Hospital,1 day ago
633,Pest Control Technician,1 day ago
634,Bus Cleaner,1 day ago
636,Cleaner - Permanent - E14,1 day ago
637,Cleaner,1 day ago
638,Housekeeper,1 day ago
642,Welfare Cleaner,1 day ago
643,Cleaner,1 day ago
644,Cleaners - temporary,1 day ago
647,Cleaning Hair and beauty Salon and Apartment/s,21 days ago
650,Pest Control Technician,1 day ago
651,Estate Cleaner,1 day ago
654,Cleaner Part Time,1 day ago
655,Aircraft Groomers,1 day ago
657,Cleaners (Part Time),1 day ago
658,Mobile Cleaner,1 day ago
660,Cleaners - temporary,1 day ago
661,Housekeeper,1 day ago
662,Welfare Cleaner,1 day ago
666,Cleaner,1 day ago
667,Cleaner,1 day ago
668,CSCS Welfare Cleaners,1 day ago
674,Cleaning Supervisor - Part-Time,1 day ago
675,Car Cleaner,1 day ago
678,Cleaner CSCS,1 day ago
679,End Of Tenancy Cleaner,1 day ago
681,Regional Director - Cleaning,1 day ago
682,School Cleaner,1 day ago
684,AIRCRAFT CLEANER DRIVERS,1 day ago
685,Room Attendant,1 day ago
686,Morning Cleaner,1 day ago
690,CSCS Cleaner,1 day ago
691,Cleaner - Basic DBS Required,1 day ago
692,Cscs Cleaner,1 day ago
695,Cleaner,1 month ago
697,Cleaner,13 days ago
698,Hospital Cleaners,1 day ago
699,CSCS Cleaner,1 day ago
702,Night Cleaning Operatives,1 day ago
703,Housekeeping Supervisor,1 day ago
705,Morning Cleaner with a DBS,1 day ago
706,Cleaner with Basic DBS,1 day ago
708,Room Attendant,1 day ago
709,Deep Cleaning / Clearing operative,1 day ago
710,Cleaner,1 day ago
714,Housekeeper and Cook - Private Household,1 day ago
715,Estate Cleaning Operative,1 day ago
716,Cleaning Supervisor,1 day ago
722,Executive Housekeeper,1 day ago
723,Domestic Cleaner: Immediate Start,1 day ago
726,Cleaners - temporary,1 day ago
727,Assistant Head Housekeeper,1 day ago
729,Evening Cleaner,1 day ago
730,Bus Cleaner,1 day ago
732,Static Cleaner,1 day ago
733,Cleaner,1 day ago
734,Linen Porter,1 day ago
738,Housekeeping Attendant / Room Attendant - 37.5 hours per week,1 day ago
739,Domestic Cleaner,1 day ago
740,Linen Porter - Immediate Start,1 day ago
746,Domestic Cleaner,1 day ago
747,Domestic Cleaner,1 day ago
750,Domestic Cleaner,1 day ago
751,Industrial Cleaning Operative,2 days ago
753,Cleaning Supervisor - UCLH,2 days ago
754,Cleaner,2 days ago
756,Cleaner,2 days ago
757,Mobile Cleaner,3 days ago
758,Housekeeping Attendant,3 days ago
762,Housekeeping Supervisor,3 days ago
763,Housekeeping Assistant,3 days ago
764,Housekeeper,3 days ago
770,Housekeeper,4 days ago
771,Residence Public Area Housekeeping Attendant,4 days ago
774,Nightcleaner,4 days ago
775,Housekeeping Supervisor - Richmond Hill Hotel- Housekeeping,4 days ago
777,Housekeeping Supervisor,4 days ago
778,Head Housekeeper,4 days ago
780,Housekeeping Aide,4 days ago
781,Executive Housekeeper -Ireland,4 days ago
782,Housekeeper,4 days ago
786,Room Attendant,4 days ago
787,Room Attendant,5 days ago
788,Nanny /Housekeeper London (live-out),5 days ago
794,Room Attendant,5 days ago
795,Late Housekeeping / Public Area Cleaner,5 days ago
798,Hospital Domestic Cleaner,5 days ago
799,Cleaning Supervisor - Chasefarm Hospital,5 days ago
801,Cleaning Staff Required for Cricket Event,5 days ago
802,Evening Room Attendant,5 days ago
804,General Cleaning & Waste Assistant,5 days ago
805,Cleaning Rapid Response - UCLH Hospital,5 days ago
806,Cleaner and Housekeeper,5 days ago
808,Housekeeper with Accomodation - RELOCATION REQUIRED,1 month ago
809,Room Attendant,19 days ago
810,Assistant Style/Housekeeping Manager,5 days ago
811,Housekeeping Stewards,5 days ago
812,Cleaning Supervisor,5 days ago
818,Senior Housekeeper,5 days ago
819,Room Attendant,5 days ago
822,Housekeeping Supervisor,5 days ago
823,Housekeeper,5 days ago
825,Linen Porter,5 days ago
826,Toilet Attendant - Floor,5 days ago
828,Room Attendant (Self-Checking),5 days ago
829,Night Hospital Porter,5 days ago
830,Cleaners and Caretakers - Immediate Start,5 days ago
834,Temporary Cleaner,6 days ago
835,Casual Housekeeping Attendant,6 days ago
836,Event Cleaning & Catering Staff required,6 days ago
842,Housekeeping Floor Supervisor,6 days ago
843,"Mobile Car Washer, Cleaner & Valeter at Dropless",6 days ago
846,Housekeeping Room Attendant,6 days ago
847,Cleaning Attendant,6 days ago
849,Room Attendant,6 days ago
850,Housekeeping Porter,6 days ago
852,Housekeeper,6 days ago
853,Room Attendant,6 days ago
854,Cleaner,6 days ago
858,Room Attendant,6 days ago
859,Cleaner Night,6 days ago
860,Nursery Housekeeper,6 days ago
866,Cleaner,7 days ago
867,Aircraft Cleaners,7 days ago
868,Domestic Cleaner,22 days ago
870,Housekeeping Floor Supervisor,7 days ago
871,Housekeeping Supervisor,7 days ago
873,Live-in Housekeeper w/ South Asian Cooking duties,7 days ago
874,Part Time Room Attendant - Soho House White City,7 days ago
876,Night Housekeeper,7 days ago
877,Night Housekeeping Porter,7 days ago
878,Cleaner Required,7 days ago
882,Assistant Head Housekeeper - Sea Containers London - Housekeeping,7 days ago
883,Cleaner - Permanent - E14,7 days ago
884,Cleaner,7 days ago
890,Estate Cleaner,7 days ago
891,Cleaner - Part-time,7 days ago
894,Domestic Cleaner,8 days ago
895,Commercial Cleaners,8 days ago
897,Domestic Assistants (Cleaning Assistants),8 days ago
898,Cleaner,8 days ago
900,Housekeeping Team Member - Immediate Start,8 days ago
901,Casual Room Attendant,8 days ago
902,Housekeeping Attendant,8 days ago
906,CSCS Cleaner - Wembley,9 days ago
907,Area Supervisor,9 days ago
908,Cleaning Manager,9 days ago
914,Building cleaners with CSCS card,9 days ago
915,Agency Housekeeper | Up to £11.50PH,9 days ago
918,Evening Cleaner,9 days ago
919,Mobile cleaner 5180316,9 days ago
921,CSCS Cleaner,9 days ago
922,Housekeeper / Porter,9 days ago
924,Room Attendant - London,9 days ago
925,Ductwork Cleaner,9 days ago
926,CSCS Cleaner,9 days ago
930,Facilities Cleaner,9 days ago
931,Road Sweeper,9 days ago
932,Pest Control Technician,9 days ago
938,Pest Control Technician,9 days ago
939,Housekeeping Supervisor,11 days ago
942,Room Attendant - Housekeeping,11 days ago
943,Night Cleaner - Soho House Central London,11 days ago
945,Linen Porter,11 days ago
946,Housekeeper,11 days ago
948,Floor Housekeeper,11 days ago
949,Night Cleaner Supervisor - Soho House Central London,11 days ago
950,Room Attendant,11 days ago
954,Cleaning Operative,12 days ago
955,Room Attendant - Hotel,12 days ago
956,Room Attendant,12 days ago
962,Deputy Head Housekeeper,12 days ago
963,Housekeeping Porter,13 days ago
966,Housekeeping Manager (£10.26 - £15.38),13 days ago
967,Casual Housekeeping Room Attendant,13 days ago
969,Housekeeping Porter Role / Southwark,13 days ago
970,Housekeeping Porter,13 days ago
972,Housekeeping Trainer,13 days ago
973,Housekeeping Porter,13 days ago
974,Housekeeping Team Leader,13 days ago
978,Room Attendant,13 days ago
979,Cleaning Operative,13 days ago
980,Live in Cook/Housekeeper job,13 days ago
986,Room Attendant - The London EDITION,13 days ago
987,Restaurant Cleaner,13 days ago
990,Housekeeping Attendant,13 days ago
991,Public Area Cleaner,13 days ago
993,Room Attendant & Linen Porter,13 days ago
994,Temporary Cleaner - Residential Apartments,13 days ago
996,Room Attendant,13 days ago
997,Room Attendant,13 days ago
998,Housekeeping Porter,13 days ago
1002,Evening Room Attendant,13 days ago
1003,Public Area Cleaner,13 days ago
1004,Head Housekeeper,13 days ago
1007,Cleaning Hair and beauty Salon and Apartment/s,21 days ago
1010,Casual Cleaning Supervisor - UCLH,14 days ago
1011,Room Attendant,14 days ago
1014,Linen Porter,14 days ago
1015,Housekeeping Supervisor,14 days ago
1017,"Temporary Cleaner - Various Luxury Buildings, London",14 days ago
1018,"Cleaning Operative - Shaw Trust 233 Broadway, Bexleyheath, DA6 7EJ",15 days ago
1020,Head Housekeeper,15 days ago
1021,Evening Housekeeping Supervisor,15 days ago
1022,Weekend Cleaning Operative - Battersea Power Station,19 days ago
1026,Housekeeper,20 days ago
1027,Housekeeper,21 days ago
1028,Cleaner,21 days ago
1034,Room Attendant (£7.99 - £10),21 days ago
1035,Cleaning Operative - Battersea Power Station,26 days ago
1038,Cleaning Supervisor,5 hours ago
1039,Senior Housekeeping Supervisor,10 hours ago
1041,Ad-Hoc Student Accommodation Housekeeper,10 hours ago
1042,Housekeeping Assistant,10 hours ago
1044,Part Time Cleaner,10 hours ago
1045,Construction Site Cleaner,10 hours ago
1046,Housekeeper,10 hours ago
1050,Butlin's: Cleaner Full Time,10 hours ago
1051,Hospital Cleaner,10 hours ago
1052,"Temporary Cleaner - Various Luxury Buildings, London",10 hours ago
1058,Housekeeping Assistant,10 hours ago
1059,Ad-Hoc Student Accommodation Housekeeper,10 hours ago
1062,Daily Housekeeper,10 hours ago
1063,Cleaner,10 hours ago
1065,Part Time Housekeeper,10 hours ago
1066,Estate Cleaner,10 hours ago
1068,Housekeeper - SE London - £12-£15p/h,10 hours ago
1069,Temporary Cleaner London,10 hours ago
1070,Butlin's: Cleaner - Part Time,10 hours ago
1074,Housekeeper,10 hours ago
1075,Evening Cleaner,10 hours ago
1076,Cleaner - Permanent - E14,10 hours ago
1082,Evening Cleaner,10 hours ago
1083,Cleaner - Permanent - E14,10 hours ago
1086,Housekeeper,10 hours ago
1087,Nanny/Housekeeper Job in Bayswater,10 hours ago
1089,Head Housekeeper,10 hours ago
1090,School Cleaners,10 hours ago
1092,Housekeeping Supervisor,10 hours ago
1093,Valeter / Driver,10 hours ago
1094,Room Attendant,10 hours ago
1098,Commercial Cleaner,10 hours ago
1099,Ductwork Cleaner,10 hours ago
1100,Cleaning Supervisor,10 hours ago
1106,Valeter / Driver,10 hours ago
1107,School Cleaners,10 hours ago
1110,Vehicle Valeter_London,10 hours ago
1111,Cleaning Manager,10 hours ago
1113,Cleaning Operative,10 hours ago
1114,Full and Part Time Residential Cleaner Housekeeper - South West London (£11 - £11),10 hours ago
1116,Cleaning Manager,11 hours ago
1117,Estate Cleaner,11 hours ago
1118,"Pest Control Technician -  West London - &pound;28,000",11 hours ago
1122,School Cleaning Supervisor,11 hours ago
1123,Bus Cleaner/Shunter,11 hours ago
1124,Commercial Cleaners,11 hours ago
1130,Nursery Housekeeper,11 hours ago
1131,CSCS Cleaner,11 hours ago
1134,Industrial Cleaner,11 hours ago
1135,"Cleaner, End of Tenancy",18 hours ago
1137,Runner/Busser,22 hours ago
1138,Cleaning Supervisor,22 hours ago
1140,Area Supervisor,1 day ago
1141,Housekeeper (Bank),1 day ago
1142,Regional Director - Cleaning,1 day ago
1146,Cleaners in Fulham,1 day ago
1147,Part time Cleaner,1 day ago
1148,PTS Train Cleaner - Night Shift (You must hold a valid PTS / Sentinel Card),1 day ago
1154,Operations Manager (Cleaning Contracts / Sites),1 day ago
1155,Hospital Porter,1 day ago
1158,Deep Cleaning / Clearing operative,1 day ago
1159,Cleaning Operative,1 day ago
1161,Store Cleaning Manager,1 day ago
1162,Mobile Cleaner,1 day ago
1164,Room Attendant - Full time contract,1 day ago
1165,Housekeeper Nanny,1 day ago
1166,Building Maintenance / Gutter Cleaner,1 day ago
1170,Cleaners Need Urgently,1 day ago
1171,Cleaner (FOH),1 day ago
1172,Domestic Cleaner,1 day ago
1178,Evening Cleaner,1 day ago
1179,Stadium Cleaner,1 day ago
1182,Butlin's: Cleaner Part Time,1 day ago
1183,Window Cleaner - Nights,1 day ago
1185,Temporary Porters/Caretakers/Cleaners,1 day ago
1186,Housekeeper,1 day ago
1188,Cleaner,1 day ago
1189,Part Time Housekeeper Job in Notting Hill,1 day ago
1190,Steward/Cleaner,1 day ago
1194,Cleaning Supervisor,1 day ago
1195,Housekeeping Floor Supervisor,1 day ago
1196,Cleaning Marshall/General Covid Assistant,1 day ago
1202,Cleaner,1 day ago
1203,Housekeeping Floor Supervisor,1 day ago
1206,Housekeeper,1 day ago
1207,Temporary Porters/Caretakers/Cleaners,1 day ago
1209,Steward/Cleaner,1 day ago
1210,Evening Cleaner,1 day ago
1212,Housekeeper / Cook,1 day ago
1213,PTS Train Cleaner (PTS/Sentinel Card is Required),1 day ago
1214,"Temporary Cleaner - Various Luxury Buildings, London",1 day ago
1215,Cleaner operative,1 month ago
1218,Housekeeping Assistant,1 day ago
1219,School Cleaning Supervisor,1 day ago
1220,Housekeeping Floor Supervisor,1 day ago
1225,Room Attendant,5 days ago
1226,Housekeeper in Mayfair - ASAP Start,1 day ago
1227,Butlin's: Venue Cleaner - Burger King,1 day ago
1228,Room Attendant,5 days ago
1230,Temporary Evening Cleaner - Islington,1 day ago
1231,Hygiene Operatitve Jet Wash Cleaner,1 day ago
1232,Room Attendant,5 days ago
1233,PTS Train Cleaner - Based at Cricklewood on Nights (PTS/Sentinel Card Required),1 day ago
1234,Temporary Cleaner,1 day ago
1235,Cleaner,5 days ago
1236,CSCS Cleaner needed in nine elms,1 day ago
1237,Housekeeper - Nanny,1 day ago
1238,Housekeeping Supervisor,1 day ago
1239,floor supervisor,5 days ago
1241,Housekeeper (Russian Speaking),1 day ago
1242,Live in Housekeeper/Cook job in Highgate,1 day ago
1243,Cook/housekeeper Hyde Park,1 day ago
1244,Housekeeper (Part Time),1 day ago
1245,Housekeeper and Cook - Private Household,1 day ago
1246,School Cleaning Supervisor,1 day ago
1247,Housekeeping Assistant,1 day ago
1248,Housekeeper (Russian Speaking),1 day ago
1249,Hygiene Operatitve Jet Wash Cleaner,1 day ago
1250,Temporary Cleaner,1 day ago
1251,Cook/housekeeper Hyde Park,1 day ago
1252,PTS Train Cleaner - Based at Cricklewood - Night Shift (You must hold a valid PTS / Sentinel Card),1 day ago
1253,Housekeeper/ Cook- Private Household,1 day ago
1254,Butlin's: Accommodation Cleaner,1 day ago
1255,Estate Cleaner,1 day ago
1256,CSCS Cleaner,1 day ago
1257,Office Cleaner,1 day ago
1258,Pest Control Technician,1 day ago
1259,Butlin's: Part Time - Housekeeping Team Member,1 day ago
1260,Cleaning Supervisor,1 day ago
1261,Domestic Housekeeper - Fulham,1 day ago
1262,Live Out Housekeeper in East Finchley,1 day ago
1263,Cleaning Operative (Enhanced DBS Required),1 day ago
1264,Nursery Cleaner,1 day ago
1265,Office Cleaner / Housekeeper,1 day ago
1266,Cleaner / Housekeeper,1 day ago
1267,Housekeeper -London- £12-£15 p/h,1 day ago
1268,Night Cleaning Team Member - Butlin'S,1 day ago
1269,Butlin's: Public Area Cleaning Supervisor,1 day ago
1270,Cleaner - Permanent,1 day ago
1271,General Cleaner x 2,1 day ago
1272,General Cleaner x 2,1 day ago
1273,Estate Cleaner,1 day ago
1274,Pest Control Technician,1 day ago
1275,Butlin's: Public Area Cleaning Supervisor,1 day ago
1276,Cleaners Wanted ASAP,1 day ago
1277,Cleaner,1 day ago
1278,Pest Control Technician - Mobile,1 day ago
1279,Cleaning Operative,1 day ago
1280,Cleaner - SW11 2QP,1 day ago
1281,Pest Control Technician,1 day ago
1282,Cleaner,1 day ago
1283,Cleaner,1 day ago
1284,Train Cleaner - Late Shift (Key Worker),1 day ago
1285,Butlin's: Public Area Cleaning Supervisor,1 day ago
1286,Cleaner,1 day ago
1287,Housekeeping Floor Supervisor,1 day ago
1288,Cleaning,1 day ago
1289,Housekeeping Supervisor,1 day ago
1290,Store Cleaning Manager,1 day ago
1291,Housekeeping Supervisor,1 day ago
1292,Hospital Cleaner - weekends,1 day ago
1293,Cleaner,1 day ago
1294,Temporary Cleaner,1 day ago
1295,"Area Manager Contract Cleaning West London £30-35,000 & Car",1 day ago
1296,Butlin's: Cleaner - Part Time,1 day ago
1297,"Area Manager Contract Cleaning West London £30-35,000 & Car",1 day ago
1298,Cleaning Supervisor - South West London,1 day ago
1299,Welfare Cleaner,1 day ago
1300,School Cleaner - Enhanced DBS Required,1 day ago
1301,Temporary Cleaner - Residential Apartments,1 day ago
1302,Head of Housekeeping,1 day ago
1303,Mental Health Hospital Cleaner,1 day ago
1304,Temporary Cleaner - Residential Apartments,1 day ago
1305,Resort Cleaning Team Member - Butlin'S,1 day ago
1306,Live in Housekeeper/Cook job,1 day ago
1307,Part or Full time Housekeeper Job in Notting Hill,1 day ago
1308,Live Out Housekeeper / Cook job in Mayfair,1 day ago
1309,Cleaner (15 hours),1 day ago
1310,Live in Housekeeper Nanny,1 day ago
1311,Track Aware Train Cleaners,1 day ago
1312,"Russian Speaking Live-In Head Housekeeper, Tadley London",1 day ago
1313,Butlin's: Cleaner Full Time,1 day ago
1314,Cleaner,1 day ago
1315,Cleaner,1 day ago
1316,Cleaner - Permanent - E14,1 day ago
1317,Hospital Cleaner,1 day ago
1318,Morning Cleaner,1 day ago
1319,Estate Cleaner,1 day ago
1320,Pest Control Technician,1 day ago
1321,Industrial Cleaners,1 day ago
1322,Ductwork Cleaner,2 days ago
1323,Pest Control Technician,2 days ago
1324,Housekeeper,5 days ago
1325,"Cleaner,  London, E1 – 7h per day, £9.15 per hour",5 days ago
1326,Cleaning Supervisor - Chasefarm Hospital Mental Health,5 days ago
1327,Cleaner required Hammersmith,5 days ago
1328,Building Maintenance / Gutter Cleaner,8 days ago
1329,Housekeeping/Cleaning Manager,8 days ago
1330,School Cleaner - Enhanced DBS Required,8 days ago
1331,Office Cleaner / Housekeeper,8 days ago
1332,LIBRARY CLEANER WEST LONDON,8 days ago
1333,Cleaning Operative,12 days ago
1334,Housekeeping Manager,13 days ago
1335,"Cleaning Operative - Shaw Trust 233 Broadway, Bexleyheath, DA6 7EJ",14 days ago
1336,*** Cleaning Supervisor - South West London ***,15 days ago
1337,Full time/Part time Room Attendant - £9.21 per hour,15 days ago
1338,"PHS Job 1815, Part Time Housekeeper Job, Permanent Housekeeper Vacancy, Covent Garden, London, Salary Negotiable",15 days ago
1339,Housekeeping Linen Porter - £9.21 per hour,15 days ago
1340,Housekeeping Porter,15 days ago
1341,Housekeeping Assistant- Guys Hospital,15 days ago
1342,Housekeeping Attendant,15 days ago
1343,Posting and Cleaning Operative,17 days ago
1344,Housekeeping Room Attendant,18 days ago
1345,Housekeeping Assistant,18 days ago
1346,Housekeeping Lead,18 days ago
1347,Weekend Cleaning Operative - Battersea Power Station,19 days ago
1348,Housekeeping Attendant,19 days ago
1349,"Housekeeper, Malmaison",19 days ago
1350,Housekeeping Attendant,19 days ago
1351,Cleaning Operative - Battersea Power Station,21 days ago
1352,Cleaning Supervisor,25 days ago
1353,Guest Service Assistant / Housekeeping,26 days ago
1354,Cleaner & Housekeeper Jobs in London | Full-Time & Part-Time | Immediate Start,28 days ago
1355,Cleaning Team Supervisor,1 month ago
1357,Housekeeping Supervisor,11 hours ago
1358,Pest Control Technician,11 hours ago
1359,Cleaner,11 hours ago
1360,Ad-Hoc Student Accommodation Housekeeper,11 hours ago
1361,Housekeeper - P/T,11 hours ago
1362,Cleaning Operative,11 hours ago
1363,Welfare Cleaner,11 hours ago
1364,Room Attendant,11 hours ago
1365,Night Cleaner Supervisor - Soho House Central London,11 hours ago
1366,Cleaning Supervisor - South West London,11 hours ago
1367,Vehicle Valeter_London,11 hours ago
1368,Cleaning Supervisor - South West London,11 hours ago
1369,Room Attendant,11 hours ago
1370,Housekeeping Supervisor,11 hours ago
1371,Cleaner,11 hours ago
1372,Ad-Hoc Student Accommodation Housekeeper,11 hours ago
1373,Vehicle Valeter_London,11 hours ago
1374,Pest Control Technician,11 hours ago
1375,Housekeeper - P/T,11 hours ago
1376,Pest Control Technician - Mobile,11 hours ago
1377,Accommodation Manager / Head Housekeeper,11 hours ago
1378,Housekeeper,11 hours ago
1379,Room Attendants,11 hours ago
1380,Room Attendant,11 hours ago
1381,Car Cleaner,11 hours ago
1382,Street Cleaner,11 hours ago
1383,Daily Housekeeper,11 hours ago
1384,Room Attendant Housekeeping,11 hours ago
1385,Domestic Cleaner,11 hours ago
1386,Cleaner,11 hours ago
1387,School Cleaners,11 hours ago
1388,Domestic Cleaner,11 hours ago
1389,Room Attendant - Soho House White City,11 hours ago
1390,"Cleaner, End of Tenancy",11 hours ago
1391,Housekeeping Supervisor,11 hours ago
1392,Cleaning Manager,11 hours ago
1393,CSCS Cleaner,11 hours ago
1394,Room Attendant,11 hours ago
1395,Part Time Room Attendant - Soho House White City,11 hours ago
1396,Housekeeping Supervisor,11 hours ago
1397,Room Attendant - Soho House White City,11 hours ago
1398,Housekeeping Supervisor,11 hours ago
1399,Domestic Cleaner,11 hours ago
1400,"Cleaner, End of Tenancy",11 hours ago
1401,Housekeeping Supervisor,11 hours ago
1402,Cleaner,11 hours ago
1403,"Area Manager Contract Cleaning West London £30-35,000 & Car",11 hours ago
1404,Track Aware Train Cleaners,11 hours ago
1405,Butlin's: Cleaner Full Time,11 hours ago
1406,Office Cleaner,11 hours ago
1407,Housekeeping Supervisor,11 hours ago
1408,Street /Road Sweeper - Pay £10.33+PAYE,11 hours ago
1409,Housekeeper (Part Time),11 hours ago
1410,Domestic Cleaner,11 hours ago
1411,Mental Health Hospital Cleaner,11 hours ago
1412,Supermarket Cleaner,11 hours ago
1413,Cleaning Manager,11 hours ago
1414,Temporary Evening Cleaner - Islington,11 hours ago
1415,Cleaner - Home Cleaning,11 hours ago
1416,Housekeeper -London- £12-£15 p/h,11 hours ago
1417,Window Cleaner,11 hours ago
1418,Cleaner,11 hours ago
1419,"Russian Speaking Live-In Head Housekeeper, Tadley London",11 hours ago
1420,Cleaner - Home Cleaning,11 hours ago
1421,Weekend Cleaning Operative Enhanced DBS Required,11 hours ago
1422,Ductwork Cleaner,11 hours ago
1423,CSCS Cleaner,11 hours ago
1424,Cleaner,11 hours ago
1425,Cleaner (FOH),11 hours ago
1426,Housekeeping Floor Supervisor,11 hours ago
1427,Cleaner 15 to 20 hours,11 hours ago
1428,Cleaner - Home Cleaning,11 hours ago
1429,Warehouse Cleaner,18 hours ago
1430,Cleaner - Accommodation,1 day ago
1431,Change Over Cleaner - up to £11 per hour,1 day ago
1432,Evening Venues Cleaners,1 day ago
1433,Housekeeper - P/T,1 day ago
1434,Cleaner,1 day ago
1435,School Cleaning Supervisor,1 day ago
1436,Cleaning,1 day ago
1437,Building Maintenance / Gutter Cleaner,1 day ago
1438,Commercial Cleaner,1 day ago
1439,CSCS Cleaner needed in nine elms,1 day ago
1440,Butlin's: Venue Cleaner,1 day ago
1441,Construction Site Cleaner,1 day ago
1442,Hospital Cleaners,1 day ago
1443,Butlin's: Cleaner Full Time,1 day ago
1444,Night Hospital Porter,1 day ago
1445,Full and Part Time Residential Cleaner Housekeeper - South West London,1 day ago
1446,Housekeeping Floor Supervisor,1 day ago
1447,Housekeeper - SE London - £12-£15p/h,1 day ago
1448,Housekeeper,1 day ago
1449,Cleaners Need Urgently,1 day ago
1450,Butlin's: Venue Cleaner - Burger King,1 day ago
1451,Cleaner - Permanent,1 day ago
1452,Housekeeper,1 day ago
1453,Area Supervisor,1 day ago
1454,Toilet Attendant - Soho House White City,1 day ago
1455,Office Cleaner / Home Cleaner,1 day ago
1456,Estate Cleaner,1 day ago
1457,Cleaner,1 day ago
1458,PTS Train Cleaner - Night Shift (You must hold a valid PTS / Sentinel Card),1 day ago
1459,Hospital Cleaner - weekends,1 day ago
1460,Cleaning,1 day ago
1461,School Cleaning Supervisor,1 day ago
1462,Commercial Cleaner,1 day ago
1463,Building Maintenance / Gutter Cleaner,1 day ago
1464,Hospital Cleaner - weekends,1 day ago
1465,Cleaners Wanted ASAP,1 day ago
1466,Housekeeping Assistant,1 day ago
1467,Housekeeper,1 day ago
1468,Train Cleaner - Late Shift (Key Worker),1 day ago
1469,Butlin's: Cleaner Part Time,1 day ago
1470,Housekeeper - High Road House & Brasserie,1 day ago
1471,"School Cleaner, Lewisham",1 day ago
1472,Cleaning Supervisor,1 day ago
1473,Nanny/Housekeeper Job in Bayswater,1 day ago
1474,Pest Control Technician,1 day ago
1475,Cleaner,1 day ago
1476,Housekeeping Assistant - Care Home,1 day ago
1477,Room Attendant,1 day ago
1478,Housekeeping Supervisor - Kettner's Townhouse,1 day ago
1479,Mobile Cleaner,1 day ago
1480,Store Cleaning Manager,1 day ago
1481,Estate Cleaner,1 day ago
1482,Welfare Cleaner,1 day ago
1483,Cleaner - Home Cleaning,1 day ago
1484,Temporary Cleaner - Residential Apartments,1 day ago
1485,Cleaner - Mobile,1 day ago
1486,Housekeeper - Nanny,1 day ago
1487,Steward/Cleaner,1 day ago
1488,"Housekeeper - Barnes, South West London- £12-£14 p/h",1 day ago
1489,Cleaner - Permanent - E14,1 day ago
1490,Cleaner Driver,1 day ago
1491,Housekeeper,1 day ago
1492,Hospital Domestic Cleaner,1 day ago
1493,Housekeeper and Cook - Private Household,1 day ago
1494,Cleaning Supervisor,1 day ago
1495,Residential Cleaner,1 day ago
1496,Part Time Housekeeper Cook,1 day ago
1497,Nursery Cleaner,1 day ago
1498,Cleaning Supervisor,1 day ago
1499,Part or Full time Housekeeper Job in Notting Hill,1 day ago
1500,Night Cleaning Team Member - Butlin'S,1 day ago
1501,Housekeeping Supervisor - Soho House White City,1 day ago
1502,Cleaner,1 day ago
1503,Temporary Porters/Caretakers/Cleaners,1 day ago
1504,Cleaner,1 day ago
1505,General Cleaner x 2,1 day ago
1506,Night Cleaner - Soho House Central London,1 day ago
1507,Cleaner / Housekeeper,1 day ago
1508,Domestic Cleaner,1 day ago
1509,Temporary Cleaner,1 day ago
1510,Residential/Commercial cleaner,1 day ago
1511,Nanny Housekeeper with drivers licence,1 day ago
1512,Cleaner / Housekeeper,1 day ago
1513,Night Cleaner - Soho House Central London,1 day ago
1514,Night Cleaning Team Member - Butlin'S,1 day ago
1515,Cleaner,1 day ago
1516,Residential/Commercial cleaner,1 day ago
1517,General Cleaner x 2,1 day ago
1518,Temporary Cleaner,1 day ago
1519,Housekeeping Supervisor - Soho House White City,1 day ago
1520,Domestic Cleaner,1 day ago
1521,Part or Full time Housekeeper Job in Notting Hill,1 day ago
1522,Nanny Housekeeper with drivers licence,1 day ago
1523,Housekeeping Supervisor,1 day ago
1524,Hygiene Operatitve Jet Wash Cleaner,1 day ago
1525,Temporary On-going Cleaner,1 day ago
1526,Live in Housekeeper/Cook job,1 day ago
1527,School Cleaner - Enhanced DBS Required,1 day ago
1528,Housekeeper (Russian Speaking),1 day ago
1529,Cleaner,1 day ago
1530,Cleaning Operative,1 day ago
1531,Cleaning Supervisor,1 day ago
1532,NHS Key Worker - Domestic Cleaner (Bank),1 day ago
1533,Cleaner,1 day ago
1534,Window Cleaner - Nights,1 day ago
1535,Housekeeping Assistant - Bank,1 day ago
1536,Office Cleaner / Housekeeper,1 day ago
1537,Cleaner,1 day ago
1538,Head Housekeeper,1 day ago
1539,Housekeeping Floor Supervisor,1 day ago
1540,Cleaning Operative (Enhanced DBS Required),1 day ago
1541,Housekeeper,1 day ago
1542,Head of Housekeeping,1 day ago
1543,Floor Housekeeper,1 day ago
1544,Team Member - Housekeeping,1 day ago
1545,Housekeeping Assistant - Bank,1 day ago
1546,Temporary On-going Cleaner,1 day ago
1547,Window Cleaner - Nights,1 day ago
1548,NHS Key Worker - Domestic Cleaner (Bank),1 day ago
1549,Cleaner,1 day ago
1550,Live in Housekeeper/Cook job,1 day ago
1551,Housekeeper (Russian Speaking),1 day ago
1552,Housekeeping Supervisor,1 day ago
1553,Cleaning Operative,1 day ago
1554,Hygiene Operatitve Jet Wash Cleaner,1 day ago
1555,School Cleaner - Enhanced DBS Required,1 day ago
1556,Cleaning Supervisor,1 day ago
1557,Cleaner,1 day ago
1558,Butlin's: Cleaner - Part Time,1 day ago
1559,Butlin's: Cleaner - Part Time,1 day ago
1560,Domestic Cleaner,1 day ago
1561,Butlin's: Venue Cleaner - Burger King,1 day ago
1562,Cleaner,1 day ago
1563,Cleaner - Soho Works Dean Street,1 day ago
1564,Cleaner,1 day ago
1565,"Temporary Cleaner - Various Luxury Buildings, London",1 day ago
1566,PTS Train Cleaner - Based at Cricklewood - Night Shift (You must hold a valid PTS / Sentinel Card),1 day ago
1567,Butlin's: Cleaner Part Time,1 day ago
1568,Cleaning Team Supervisor,1 day ago
1569,Part-Time Housekeeper,1 day ago
1570,Cleaner,1 day ago
1571,Housekeeping Assistant - Bank,1 day ago
1572,Housekeeping Assistant,1 day ago
1573,Part Time Housekeeper,1 day ago
1574,School Caretaker/Cleaner,1 day ago
1575,Head Housekeeper,1 day ago
1576,Cleaner - SW11 2QP,1 day ago
1577,CSCS Cleaner,1 day ago
1578,Market Cleaner with Forklift experience,1 day ago
1579,Cleaner - Home Cleaning,1 day ago
1580,Experienced Ductwork Cleaner - Team Leader,1 day ago
1581,Cleaning Manager,1 day ago
1582,"Temporary Cleaner - Various Luxury Buildings, London",1 day ago
1583,Cleaner,1 day ago
1584,Cleaner,1 day ago
1585,PTS Train Cleaner - Based at Cricklewood - Night Shift (You must hold a valid PTS / Sentinel Card),1 day ago
1586,"Temporary Cleaner - Various Luxury Buildings, London",1 day ago
1587,CSCS Cleaner,1 day ago
1588,Market Cleaner with Forklift experience,1 day ago
1589,Cleaner - Soho Works Dean Street,1 day ago
1590,Cleaning Team Supervisor,1 day ago
1591,Cleaner,1 day ago
1592,Part Time Housekeeper,1 day ago
1593,Butlin's: Cleaner Part Time,1 day ago
1594,Butlin's: Venue Cleaner - Burger King,1 day ago
1598,Office Cleaner / Home Cleaner,8 days ago
1599,Housekeeper,21 days ago
1600,Cleaner,14 days ago
1601,Room Attendant,15 days ago
1602,Domestic Cleaner,8 days ago
1603,Cleaner,20 days ago
1604,Cleaner - Permanent - E14,8 days ago
1605,Cleaning Supervisor - Part-Time,7 days ago
1606,Night Room Attendant,30 days ago
1607,Hospital Domestic Cleaner,27 days ago
1608,Cleaner,11 hours ago
1609,Cleaners,1 day ago
1610,Linen Room Attendant,15 days ago
1611,Cleaner,2 days ago
1612,Cscs Cleaner,15 days ago
1613,Morning Cleaner,9 days ago
1614,Room Attendant,8 days ago
1615,Cleaning Supervisor - South West London,16 days ago
1616,Evening Cleaner,2 days ago
1617,Evening Cleaning Operative - Part time,19 days ago
1618,Estate Cleaner,21 days ago
1619,Cleaner,29 days ago
1620,Room Attendants,28 days ago
1621,CLEANER,8 days ago
1622,Floor Housekeeper,8 days ago
1623,Temporary Cleaner,5 days ago
1624,Room Attendant,13 days ago
1625,Domestic Cleaner,8 days ago
1626,Domestic Cleaner,8 days ago
1627,Housekeeper/Cleaner in a Mental Health Hospital,1 day ago
1628,Domestic Cleaner,5 days ago
1629,Car Cleaner,1 day ago
1630,Room Attendant - 5 Star Hotel Opening,5 days ago
1631,Cleaner,12 days ago
1632,Night Hospital Porter,11 days ago
1633,Room Attendant,13 days ago
1634,NHS Key Worker - Domestic Cleaner (Bank),8 days ago
1635,Laundry and Dry cleaning assistant,8 days ago
1636,Housekeeper/Cleaner in a Mental Health Hospital,1 day ago
1637,Housekeeper / Cook,8 days ago
1638,Cleaning Operative,5 days ago
1639,Cleaner,3 days ago
1640,Room Attendant,1 day ago
1641,Room Attendant,13 days ago
1642,Room Attendant,6 days ago
1643,Cleaner,16 days ago
1644,Linen Porter,13 days ago
1645,Gym Cleaner (North London),11 hours ago
1646,Road Sweeper,1 day ago
1647,Temporary Cleaner/Caretaker,20 hours ago
1648,Cleaner,23 days ago
1649,Domestic Assistants (Cleaning Assistants),9 days ago
1650,Housekeeper/ Cook- Private Household,11 days ago
1651,Area Supervisor,29 days ago
1652,Cleaner,14 days ago
1653,Domestic Cleaner,27 days ago
1654,Hospital Porters,12 days ago
1655,Room Attendant,7 days ago
1656,Hospital Porter,5 days ago
1657,Domestic Cleaner,2 days ago
1658,Domestic Cleaner,2 days ago
1659,Hospital Cleaners,8 days ago
1660,Cleaner,8 days ago
1661,Cleaner,8 days ago
1662,Evening Cleaner,8 days ago
1663,Domestic Cleaner,8 days ago
1664,Live Out Housekeeper in East Finchley,8 days ago
1665,Cleaner,12 days ago
1666,Cleaner,14 days ago
1667,Housekeeper,4 days ago
1668,Domestic Cleaner,8 days ago
1669,Domestic Cleaner,8 days ago
1670,Domestic Cleaner,8 days ago
1671,Domestic Cleaner,8 days ago
1672,Domestic Cleaner,8 days ago
1673,Domestic Cleaner,8 days ago
1674,Domestic Cleaner,8 days ago
1675,Domestic Cleaner,8 days ago
1676,Domestic Cleaner,8 days ago
1677,Domestic Cleaner,8 days ago
1678,Domestic Cleaner,8 days ago
1679,Domestic Cleaner,8 days ago
1680,Domestic Cleaner,8 days ago
1681,Domestic Cleaner,8 days ago
1682,Domestic Cleaner,8 days ago
1683,Domestic Cleaner,29 days ago
1684,Room Attendant,14 days ago
1685,Temp Cleaners and Caretakers,26 days ago
1686,Room Attendant - Soho House White City,14 days ago
1687,Office Cleaner,2 days ago
1688,Cleaner,8 days ago
1689,Residential Cleaner,10 hours ago
1690,Cleaner,10 hours ago
1691,Evening Room Attendant,7 days ago
1692,Room Attendant - Sea Containers London - Housekeeping,7 days ago
1693,Ductwork Cleaner,11 hours ago
1694,Domestic Cleaner,5 days ago
1695,Temporary Cleaner,8 days ago
1696,Room Attendant,13 days ago
1697,Housekeeper,11 hours ago
1698,Housekeeping Assistant,1 day ago
1699,Cleaner - SW11 2QP,1 day ago
1700,Room Attendant - Housekeeping,13 days ago
1701,End of Tenancy Cleaner,8 days ago
1702,Cleaner,13 days ago
1703,Cleaner,6 days ago
1704,Housekeeper,8 days ago
1705,Deputy Head Housekeeper,8 days ago
1706,Cleaner 21 to 34 hours,8 days ago
1707,Housekeeping Assistant,8 days ago
1708,Cleaner / Shunter,6 days ago
1709,Cleaner,6 days ago
1710,Team Member - Housekeeping,4 days ago
1711,LIBRARY CLEANER WEST LONDON,8 days ago
1712,Part-Time Housekeeper,8 days ago
1713,Cleaner 15 to 20 hours,8 days ago
1714,Cleaner - Accommodation,6 days ago
1715,Night Room Attendant,10 hours ago
1716,Night Room Attendant,10 hours ago
1717,Cleaners and Caretakers - Immediate Start,12 hours ago
1718,Housekeeping Supervisor - Kettner's Townhouse,1 day ago
1719,Cleaners - temporary,1 day ago
1720,Cleaning Supervisor - South West London,8 days ago
1721,School Cleaners,8 days ago
1722,Housekeeper -London- £12-£15 p/h,8 days ago
1723,Cleaner,8 days ago
1724,Part Time Housekeeper Job in Notting Hill,8 days ago
1725,Temporary Evening Cleaner - Islington,8 days ago
1726,School Cleaning Supervisor,8 days ago
1727,Night Hospital Porter,1 day ago
1728,Cleaner,8 days ago
1729,Cleaning Supervisor,8 days ago
1730,Cleaner,8 days ago
1731,Domestic Cleaner,12 hours ago
1732,Room Attendant - Full time contract,1 day ago
1733,Room Attendant,5 days ago
1734,Cleaner - Brentwood,3 days ago
1735,Evening Cleaning Operative - Part time,1 day ago
1736,Housekeeping Supervisor,13 days ago
1737,Room Attendant,13 days ago
1738,Linen Porter - House Steward,13 days ago
1739,Cleaners,9 days ago
1740,Cleaning Operative,1 day ago
1741,Room Attendant,13 days ago
1742,Room Attendant,13 days ago
1743,Room Attendant,13 days ago
1744,Street /Road Sweeper - Pay £10.33+PAYE,10 hours ago
1745,Room Attendant,13 days ago
1746,Private Housekeeper | Russian Speaking,13 days ago
1747,Mobile Cleaning Operative,22 hours ago
1748,Senior Housekeeping Assistant,13 days ago
1749,Live in Cook/Housekeeper job,1 day ago
1750,Live in Cook/Housekeeper job,1 day ago
1751,Room Attendant Housekeeping,7 days ago
1752,Cleaner,13 days ago
1753,Cleaners and Caretakers - Immediate Start,12 hours ago
1754,Linen Porter,13 days ago
1755,Evening Room Attendant,13 days ago
1756,Housekeeper,10 hours ago
1757,Mobile Cleaner,1 day ago
1758,Cleaner,1 day ago
1759,Mobile Cleaning Operative,1 day ago
1760,Mobile Cleaner,1 day ago
1761,Room Attendants/ Housekeepers,1 day ago
1762,Room Attendant,1 day ago
1763,School Cleaner,12 hours ago
1764,Mobile Cleaning Operative,12 hours ago
1765,Housekeeping Assistant - Bank,1 day ago
1766,NHS Key Worker - Domestic Cleaner (Bank),1 day ago
1767,Cleaning Operative,1 day ago
1768,Street /Road Sweeper - Pay £10.33+PAYE,10 hours ago
1769,Cleaner,1 day ago
1770,Housekeeper,1 day ago
1771,Cleaner,1 day ago
1772,Room Attendant,1 day ago
1773,Housekeeper - Part Time,1 day ago
1774,Housekeeping Supervisor,11 days ago
1775,Private Housekeeper,11 days ago
1776,Temporary Cleaner,1 day ago
1777,Room Stylist/Room Attendant,13 days ago
1778,Nursery in Wandsworth looking for a Kitchen Assistant & Housekeeper,21 days ago
1779,Linen Porter,7 hours ago
1780,Room Attendant,10 hours ago
1781,Housekeeping Supervisor,10 hours ago
1782,Domestic Cleaner,10 hours ago
1783,Cleaner,10 hours ago
1784,Room Attendant - Soho House White City,10 hours ago
1785,Housekeeping Assistant,10 hours ago
1786,Head Housekeeper,10 hours ago
1787,Domestic Cleaner,10 hours ago
1788,Weekend Cleaning Operative Enhanced DBS Required,10 hours ago
1789,Accommodation Manager / Head Housekeeper,10 hours ago
1790,Part Time Housekeeper Cook,10 hours ago
1791,Cleaner - Home Cleaning,10 hours ago
1792,Cleaner,10 hours ago
1793,PTS Train Cleaner - Night Shift (You must hold a valid PTS / Sentinel Card),10 hours ago
1794,Cleaner,12 hours ago
1795,Evening Cleaner,12 hours ago
1796,Cleaning Operative,12 hours ago
1797,Welfare Cleaner,12 hours ago
1798,Cleaner Part Time,12 hours ago
1799,Cleaning Marshall/General Covid Assistant,12 hours ago
1800,Housekeeper / Porter,12 hours ago
1801,Housekeeper,12 hours ago
1802,Housekeeping Assistant- Full Time,12 hours ago
1803,Cleaner,12 hours ago
1804,Valeter Prestige,12 hours ago
1805,Event Cleaner,12 hours ago
1806,Valeter,12 hours ago
1807,Housekeeper,12 hours ago
1808,Pest Control Technician,12 hours ago
1809,Mobile Cleaner,12 hours ago
1810,Cleaner,12 hours ago
1811,Housekeeper,12 hours ago
1812,Cleaner,12 hours ago
1813,Cleaning Manager,1 day ago
1814,Runner/Busser,1 day ago
1815,Domestic Cleaner,1 day ago
1816,Residential Cleaner,1 day ago
1817,Cleaner,1 day ago
1818,"Pest Control Technician -  East London - &pound;28,000",1 day ago
1819,Cleaner,1 day ago
1820,Room Attendant,1 day ago
1821,Cleaner / Shunter,1 day ago
1822,Cscs Cleaner,1 day ago
1823,CSCS Cleaner,1 day ago
1824,Posting and Cleaning Operative,1 day ago
1825,Cleaning Operative,1 day ago
1826,Store Cleaning Manager,1 day ago
1827,PTS Train Cleaner (PTS/Sentinel Card is Required),1 day ago
1828,Estate Cleaning Operative,1 day ago
1829,Night Public Area Cleaner,1 day ago
1830,Room Attendant,1 day ago
1831,"Room Attendant, Hotel Du Vin",1 day ago
1832,Housekeeping Supervisor - Soho House White City,1 day ago
1833,Linen Porter - Soho House White City,1 day ago
1834,Static Cleaner,1 day ago
1835,Experienced Ductwork Cleaner - Team Leader,1 day ago
1836,Night Cleaner Supervisor - Soho House Central London,1 day ago
1837,Cleaner - Home Cleaning,1 day ago
1838,Housekeeping Assistant - Bank,1 day ago
1839,Cleaner - Soho Works Dean Street,1 day ago
1840,Window Cleaner,1 day ago
1841,Part-Time Housekeeper,1 day ago
1842,CSCS Cleaner,1 day ago
1843,Cleaner,1 day ago
1844,Room Attendant Housekeeping,1 day ago
1845,Part Time Room Attendant - Soho House White City,1 day ago
1846,Cleaner,1 day ago
1847,Toilet Attendant - Soho House White City,1 day ago
1848,Cleaning Supervisor,1 day ago
1849,Housekeeping Supervisor,1 day ago
1850,LIVE IN HOUSEKEEPER/COOK,1 day ago
1851,Toilet Attendant - Soho House White City,1 day ago
1852,Pest Control Technician,1 day ago
1853,Cleaner - Mobile,1 day ago
1854,Room Attendant,1 day ago
1855,Housekeeper - High Road House & Brasserie,1 day ago
1856,Part Time Cleaner,1 day ago
1857,Cleaner,1 day ago
1858,Cleaner,1 day ago
1859,Cleaner/Housekeeper Edgware,1 day ago
1860,Hospital Cleaner,1 day ago
1861,Housekeeping Supervisor,1 day ago
1862,Mobile Cleaner Essex,1 day ago
1863,Cleaner with DBS,1 day ago
1864,Estate Cleaner,1 day ago
1865,Domestic Cleaner,2 days ago
1866,Domestic Cleaner,2 days ago
1867,Domestic Cleaner,2 days ago
1868,Domestic Cleaner,2 days ago
1869,Housekeeper and Cook - Private Household,2 days ago
1870,Domestic Cleaner,2 days ago
1871,Domestic Cleaner,2 days ago
1872,Cleaner,2 days ago
1873,Static Cleaner,2 days ago
1874,Cleaners - temporary,2 days ago
1875,Morning Cleaner with a DBS,2 days ago
1876,Regional Director : Cleaning,2 days ago
1877,Window Cleaner,2 days ago
1878,Housekeeper,3 days ago
1879,Domestic Cleaner,3 days ago
1880,Domestic Cleaner,3 days ago
1881,Housekeeper,3 days ago
1882,Mobile Cleaner,4 days ago
1883,Housekeeping Manager,4 days ago
1884,Housekeeper,5 days ago
1885,Head of Operations - Cleaning,5 days ago
1886,Part Time Cleaner,5 days ago
1887,Domestic Cleaner,5 days ago
1888,Domestic Cleaner,5 days ago
1889,Room Attendant,5 days ago
1890,Cleaning Team Supervisor,5 days ago
1891,Housekeeping Room Attendant,5 days ago
1892,Housekeeping Supervisor - The Princess Grace Hospital,5 days ago
1893,Housekeeping Supervisor,5 days ago
1894,Domestic Cleaner,5 days ago
1895,Domestic Cleaner,5 days ago
1896,Domestic Cleaner,5 days ago
1897,"Live-in Housekeeper, Chelsea",5 days ago
1898,Housekeeper,5 days ago
1899,Cleaning Supervisor,5 days ago
1900,Cook/housekeeper Hyde Park,6 days ago
1901,Workshop Assistant / Janitor,6 days ago
1902,Cleaner,6 days ago
1903,Cleaners and Caretakers - Immediate Start,6 days ago
1904,Housekeeper,6 days ago
1905,Cleaner Team Supervisor,6 days ago
1906,Housekeeper - Nanny,6 days ago
1907,Cleaners Need Urgently,6 days ago
1908,Live in Housekeeper Nanny,6 days ago
1909,Floor Housekeeper,6 days ago
1910,Accommodation Manager / Head Housekeeper,6 days ago
1911,Room Attendant,6 days ago
1912,Cleaning Support Linen collector,6 days ago
1913,Change over Cleaner - up to £11 per hour,6 days ago
1914,Evening Venues Cleaners,6 days ago
1915,Nursery Housekeeper,7 days ago
1916,"Temporary Cleaner - Various Luxury Buildings, London",7 days ago
1917,Key Room Attendant,7 days ago
1918,Part Time Cleaner,7 days ago
1919,Part Time Cleaner,7 days ago
1920,Daily Housekeeper Nanny,7 days ago
1921,Part Time Cleaner,7 days ago
1922,Cleaner - Permanent - E14,7 days ago
1923,Cleaner - Part-time,7 days ago
1924,Housekeeper,7 days ago
1925,Pest Control Technician,8 days ago
1926,Car Valeter,8 days ago
1927,Room Attendant,8 days ago
1928,Residential/Commercial cleaner,8 days ago
1929,Part or Full time Housekeeper Job in Notting Hill,8 days ago
1930,Live in Housekeeper/Cook job,8 days ago
1931,Track Aware Train Cleaners,8 days ago
1932,"Russian Speaking Live-In Head Housekeeper, Tadley London",8 days ago
1933,Cleaner,8 days ago
1934,Temporary Porters/Caretakers/Cleaners,8 days ago
1935,Cleaning Operative Enhanced DBS Required,8 days ago
1936,Site cleaners,8 days ago
1937,Temporary Cleaner,8 days ago
1938,Nanny/Housekeeper Job in Bayswater,8 days ago
1939,Welfare Cleaner,8 days ago
1940,"Housekeeper - Barnes, South West London- £12-£14 p/h",8 days ago
1941,"Area Manager Contract Cleaning  West London £30-35,000 & Car",8 days ago
1942,Cleaner - SW11 2QP,8 days ago
1943,Room Attendant,8 days ago
1944,Daily Housekeeper,8 days ago
1945,Housekeeping Supervisor,8 days ago
1946,Housekeeper - SE London - £12-£15p/h,8 days ago
1947,Housekeeper in Mayfair - ASAP Start,8 days ago
1948,Cleaner - Permanent,8 days ago
1949,Room Attendant,8 days ago
1950,Part Time Housekeeper  Cook,8 days ago
1951,Temporary Cleaner - Residential Apartments,8 days ago
1952,CSCS Cleaner,8 days ago
1953,Live Out Housekeeper / Cook job in Mayfair,8 days ago
1954,Valeter Prestige,8 days ago
1955,Housekeeper Nanny,8 days ago
1956,Live in Housekeeper/Cook job in Highgate,8 days ago
1957,CSCS Cleaner needed in nine elms,8 days ago
1958,Weekend Cleaning Operative Enhanced DBS Required,8 days ago
1959,Housekeeper,8 days ago
1960,Pest Control Technician,8 days ago
1961,Floor Housekeeper,8 days ago
1962,Temporary Cleaner,8 days ago
1963,Cleaner / Housekeeper,8 days ago
1964,Cleaner,8 days ago
1965,Change Over Cleaner  - up to £11 per hour,8 days ago
1966,Domestic Cleaner,8 days ago
1967,Room Attendant,8 days ago
1968,Cleaner 11 to 20 hours,8 days ago
1969,Housekeeper - P/T,8 days ago
1970,Housekeeper - Part-Time,8 days ago
1971,Supermarket Cleaner,8 days ago
1972,Cleaning Supervisor,8 days ago
1973,Domestic Cleaner,8 days ago
1974,Domestic Cleaner,8 days ago
1975,Domestic Cleaner,8 days ago
1976,Domestic Cleaner,8 days ago
1977,Domestic Cleaner,8 days ago
1978,Domestic Cleaner,8 days ago
1979,Domestic Cleaner,8 days ago
1980,Domestic Cleaner,8 days ago
1981,Domestic Cleaner,8 days ago
1982,Domestic Cleaner,8 days ago
1983,Domestic Cleaner,8 days ago
1984,Domestic Cleaner,8 days ago
1985,Domestic Cleaner,8 days ago
1986,Domestic Cleaner,8 days ago
1987,Domestic Cleaner,8 days ago
1988,Domestic Cleaner,8 days ago
1989,Domestic Cleaner,8 days ago
1990,Domestic Cleaner,8 days ago
1991,Domestic Cleaner,8 days ago
1992,Domestic Cleaner,8 days ago
1993,Domestic Cleaner,8 days ago
1994,Domestic Cleaner,8 days ago
1995,Domestic Cleaner,8 days ago
1996,Domestic Cleaner,8 days ago
1997,Domestic Cleaner,8 days ago
1998,Domestic Cleaner,8 days ago
1999,Domestic Cleaner,8 days ago
2000,Domestic Cleaner,8 days ago
2001,Domestic Cleaner,8 days ago
2002,Domestic Cleaner,8 days ago
2003,Domestic Cleaner,8 days ago
2004,Domestic Cleaner,8 days ago
2005,Domestic Cleaner,8 days ago
2006,Domestic Cleaner,8 days ago
2007,Domestic Cleaner,8 days ago
2008,Domestic Cleaner,8 days ago
2009,Domestic Cleaner,8 days ago
2010,Domestic Cleaner,8 days ago
2011,Domestic Cleaner,8 days ago
2012,Domestic Cleaner,8 days ago
2013,Mobile Cleaner,8 days ago
2014,Nanny Housekeeper with drivers licence,8 days ago
2015,Cleaning operative,8 days ago
2016,Cleaner,8 days ago
2017,Cleaner/Room attendant,8 days ago
2018,Cleaner,8 days ago
2019,Temp Cleaners and Caretakers,9 days ago
2020,Pest Control Technician,9 days ago
2021,Housekeeper,9 days ago
2022,Domestic Cleaner,9 days ago
2023,Domestic Cleaner,9 days ago
2024,Night Hospital Porter,10 days ago
2025,Designate Store Cleaning Manager,11 days ago
2026,Cleaning Operative,11 days ago
2027,Room Attendant,11 days ago
2028,Section Housekeeper - 5 Star Hotel Opening,12 days ago
2029,Public Area Cleaner,12 days ago
2030,Housekeeper- The Portland Hospital,12 days ago
2031,Housekeeping Manager,13 days ago
2032,CSCS Cleaner,13 days ago
2033,Room Attendant,13 days ago
2034,Room Attendant,13 days ago
2035,Linen Porter,13 days ago
2036,Floor Housekeeper,13 days ago
2037,Housekeeping Manager,13 days ago
2038,Housekeeper,13 days ago
2039,Room Attendant,13 days ago
2040,Floor Housekeeper,13 days ago
2041,brewery (£10 - £19.23),13 days ago
2042,Head Housekeeper,13 days ago
2043,Housekeeper,13 days ago
2044,Guest Room Attendant,13 days ago
2045,Assistant Head Housekeeper,13 days ago
2046,Room Attendant,13 days ago
2047,Housekeeper Live In,13 days ago
2048,Room Attendant,13 days ago
2049,Cleaner,13 days ago
2050,Assistant Executive Housekeeper,13 days ago
2051,Cleaner with IPAF,14 days ago
2052,End Of Tenancy Cleaner,14 days ago
2053,Housekeeper,14 days ago
2054,Housekeeping Room Attendant,14 days ago
2055,Room Attendant - London,15 days ago
2056,Room Attendant,15 days ago
2057,Housekeeper,15 days ago
2058,Room Attendant,15 days ago
2059,Housekeeper,15 days ago
2060,Cleaner- Barnet Hospital,17 days ago
2061,Room Attendant,17 days ago
2062,Cleaning Operative,18 days ago
2063,Assistant Head Housekeeper - London Cluster,19 days ago
2064,Housekeeper - UHNW,19 days ago
2065,housekeeper (£8.54 - £13.50),21 days ago
2066,Room Attendant,21 days ago
2067,"Pest Control Technician - East London - £28,000",21 days ago
2068,"Pest Control Technician - West London - £28,000",21 days ago
2069,Housekeeping and Laundry Assistant in a Care Home,21 days ago
2070,Cleaner,21 days ago
2071,Cleaner,22 days ago
2072,Valeter / Driver,23 days ago
2073,Cleaning Operative/ Decontaminator,25 days ago
2074,Hospital Porter,27 days ago
2075,Temporary Cleaner London,27 days ago
2076,Cleaner,28 days ago
2077,Mobile Cleaner,29 days ago
2078,Mobile Cleaning Operative,30 days ago
2079,Night Room Attendant,1 month ago
